Workbook

Sheet Attribute_Frequency_Table
A1: # | B1: Attribute | C1: Frequency | D1: Final attributes
A2: 1 | B2: =+VLOOKUP($A2,Attributes_by_Interview!$A:$C,2,0) -> accommodation type | C2: =+VLOOKUP($A2,Attributes_by_Interview!$A:$C,3,0) -> 9 | D2: *
A3: =+A2+1 -> 2 | B3: =+VLOOKUP($A3,Attributes_by_Interview!$A:$C,2,0) -> online recommendations | C3: =+VLOOKUP($A3,Attributes_by_Interview!$A:$C,3,0) -> 9 | D3: *
A4: =+A3+1 -> 3 | B4: =+VLOOKUP($A4,Attributes_by_Interview!$A:$C,2,0) -> proximity to other destinations | C4: =+VLOOKUP($A4,Attributes_by_Interview!$A:$C,3,0) -> 9 | D4: *
A5: =+A4+1 -> 4 | B5: =+VLOOKUP($A5,Attributes_by_Interview!$A:$C,2,0) -> local cuisine | C5: =+VLOOKUP($A5,Attributes_by_Interview!$A:$C,3,0) -> 8 | D5: *
A6: =+A5+1 -> 5 | B6: =+VLOOKUP($A6,Attributes_by_Interview!$A:$C,2,0) -> accessibility to touristic points | C6: =+VLOOKUP($A6,Attributes_by_Interview!$A:$C,3,0) -> 7 | D6: *
A7: =+A6+1 -> 6 | B7: =+VLOOKUP($A7,Attributes_by_Interview!$A:$C,2,0) -> cost to reach | C7: =+VLOOKUP($A7,Attributes_by_Interview!$A:$C,3,0) -> 7 | D7: *
A8: =+A7+1 -> 7 | B8: =+VLOOKUP($A8,Attributes_by_Interview!$A:$C,2,0) -> accommodation price | C8: =+VLOOKUP($A8,Attributes_by_Interview!$A:$C,3,0) -> 6
A9: =+A8+1 -> 8 | B9: =+VLOOKUP($A9,Attributes_by_Interview!$A:$C,2,0) -> distance to reach | C9: =+VLOOKUP($A9,Attributes_by_Interview!$A:$C,3,0) -> 6
A10: =+A9+1 -> 9 | B10: =+VLOOKUP($A10,Attributes_by_Interview!$A:$C,2,0) -> historical buildings | C10: =+VLOOKUP($A10,Attributes_by_Interview!$A:$C,3,0) -> 6 | D10: *
A11: =+A10+1 -> 10 | B11: =+VLOOKUP($A11,Attributes_by_Interview!$A:$C,2,0) -> local events | C11: =+VLOOKUP($A11,Attributes_by_Interview!$A:$C,3,0) -> 6
A12: =+A11+1 -> 11 | B12: =+VLOOKUP($A12,Attributes_by_Interview!$A:$C,2,0) -> accommodation services | C12: =+VLOOKUP($A12,Attributes_by_Interview!$A:$C,3,0) -> 5
A13: =+A12+1 -> 12 | B13: =+VLOOKUP($A13,Attributes_by_Interview!$A:$C,2,0) -> availability of transport to destination | C13: =+VLOOKUP($A13,Attributes_by_Interview!$A:$C,3,0) -> 5
A14: =+A13+1 -> 13 | B14: =+VLOOKUP($A14,Attributes_by_Interview!$A:$C,2,0) -> cultural immersion | C14: =+VLOOKUP($A14,Attributes_by_Interview!$A:$C,3,0) -> 5
A15: =+A14+1 -> 14 | B15: =+VLOOKUP($A15,Attributes_by_Interview!$A:$C,2,0) -> food’s price | C15: =+VLOOKUP($A15,Attributes_by_Interview!$A:$C,3,0) -> 5
A16: =+A15+1 -> 15 | B16: =+VLOOKUP($A16,Attributes_by_Interview!$A:$C,2,0) -> proximity to popular cities | C16: =+VLOOKUP($A16,Attributes_by_Interview!$A:$C,3,0) -> 5
A17: =+A16+1 -> 16 | B17: =+VLOOKUP($A17,Attributes_by_Interview!$A:$C,2,0) -> accommodation location | C17: =+VLOOKUP($A17,Attributes_by_Interview!$A:$C,3,0) -> 4
A18: =+A17+1 -> 17 | B18: =+VLOOKUP($A18,Attributes_by_Interview!$A:$C,2,0) -> historical places | C18: =+VLOOKUP($A18,Attributes_by_Interview!$A:$C,3,0) -> 4
A19: =+A18+1 -> 18 | B19: =+VLOOKUP($A19,Attributes_by_Interview!$A:$C,2,0) -> local prices | C19: =+VLOOKUP($A19,Attributes_by_Interview!$A:$C,3,0) -> 4
A20: =+A19+1 -> 19 | B20: =+VLOOKUP($A20,Attributes_by_Interview!$A:$C,2,0) -> natural landscape | C20: =+VLOOKUP($A20,Attributes_by_Interview!$A:$C,3,0) -> 4
A21: =+A20+1 -> 20 | B21: =+VLOOKUP($A21,Attributes_by_Interview!$A:$C,2,0) -> access to beaches | C21: =+VLOOKUP($A21,Attributes_by_Interview!$A:$C,3,0) -> 3
A22: =+A21+1 -> 21 | B22: =+VLOOKUP($A22,Attributes_by_Interview!$A:$C,2,0) -> information availability online | C22: =+VLOOKUP($A22,Attributes_by_Interview!$A:$C,3,0) -> 3
... A45: =+A44+1 -> 44 | B45: =+VLOOKUP($A45,Attributes_by_Interview!$A:$C,2,0) -> supermarket availability | C45: =+VLOOKUP($A45,Attributes_by_Interview!$A:$C,3,0) -> 1

Sheet Attributes_by_Interview
A1: # | B1: Attribute | C1: Total | D1: Interview 1 | E1: Interview 2 | F1: Interview 3 | G1: Interview 4 | H1: Interview 5 | I1: Interview 6 | J1: Interview 7 | K1: Interview 8 | L1: Interview 9 | M1: Interview 10
A2: =+IF(COUNTIF($C$1:C1,C2)>0,RANK(C2,$C$2:$C$45,0)+COUNTIF($C$1:C1,C2),RANK(C2,$C$2:$C$45,0)) -> 20 | B2: access to beaches | C2: =+SUM(D2:M2) -> 3 | D2: 0 | E2: 1 | F2: 1 | G2: 1 | H2: 0 | I2: 0 | J2: 0 | K2: 0 | L2: 0 | M2: 0
A3: =+IF(COUNTIF($C$1:C2,C3)>0,RANK(C3,$C$2:$C$45,0)+COUNTIF($C$1:C2,C3),RANK(C3,$C$2:$C$45,0)) -> 33 | B3: access to mountains | C3: =+SUM(D3:M3) -> 1 | D3: 0 | E3: 0 | F3: 0 | G3: 1 | H3: 0 | I3: 0 | J3: 0 | K3: 0 | L3: 0 | M3: 0
A4: =+IF(COUNTIF($C$1:C3,C4)>0,RANK(C4,$C$2:$C$45,0)+COUNTIF($C$1:C3,C4),RANK(C4,$C$2:$C$45,0)) -> 5 | B4: accessibility to touristic points | C4: =+SUM(D4:M4) -> 7 | D4: 1 | E4: 1 | F4: 0 | G4: 1 | H4: 1 | I4: 0 | J4: 1 | K4: 0 | L4: 1 | M4: 1
A5: =+IF(COUNTIF($C$1:C4,C5)>0,RANK(C5,$C$2:$C$45,0)+COUNTIF($C$1:C4,C5),RANK(C5,$C$2:$C$45,0)) -> 25 | B5: accessible by public transport | C5: =+SUM(D5:M5) -> 2 | D5: 1 | E5: 0 | F5: 0 | G5: 0 | H5: 0 | I5: 0 | J5: 0 | K5: 1 | L5: 0 | M5: 0
A6: =+IF(COUNTIF($C$1:C5,C6)>0,RANK(C6,$C$2:$C$45,0)+COUNTIF($C$1:C5,C6),RANK(C6,$C$2:$C$45,0)) -> 16 | B6: accommodation location | C6: =+SUM(D6:M6) -> 4 | D6: 1 | E6: 1 | F6: 0 | G6: 0 | H6: 0 | I6: 0 | J6: 0 | K6: 0 | L6: 1 | M6: 1
A7: =+IF(COUNTIF($C$1:C6,C7)>0,RANK(C7,$C$2:$C$45,0)+COUNTIF($C$1:C6,C7),RANK(C7,$C$2:$C$45,0)) -> 7 | B7: accommodation price | C7: =+SUM(D7:M7) -> 6 | D7: 0 | E7: 0 | F7: 1 | G7: 1 | H7: 0 | I7: 1 | J7: 1 | K7: 1 | L7: 1 | M7: 0
A8: =+IF(COUNTIF($C$1:C7,C8)>0,RANK(C8,$C$2:$C$45,0)+COUNTIF($C$1:C7,C8),RANK(C8,$C$2:$C$45,0)) -> 26 | B8: accommodation quality | C8: =+SUM(D8:M8) -> 2 | D8: 0 | E8: 0 | F8: 1 | G8: 0 | H8: 0 | I8: 0 | J8: 0 | K8: 1 | L8: 0 | M8: 0
A9: =+IF(COUNTIF($C$1:C8,C9)>0,RANK(C9,$C$2:$C$45,0)+COUNTIF($C$1:C8,C9),RANK(C9,$C$2:$C$45,0)) -> 11 | B9: accommodation services | C9: =+SUM(D9:M9) -> 5 | D9: 0 | E9: 1 | F9: 1 | G9: 0 | H9: 1 | I9: 0 | J9: 1 | K9: 0 | L9: 0 | M9: 1
A10: =+IF(COUNTIF($C$1:C9,C10)>0,RANK(C10,$C$2:$C$45,0)+COUNTIF($C$1:C9,C10),RANK(C10,$C$2:$C$45,0)) -> 1 | B10: accommodation type | C10: =+SUM(D10:M10) -> 9 | D10: 1 | E10: 1 | F10: 1 | G10: 1 | H10: 0 | I10: 1 | J10: 1 | K10: 1 | L10: 1 | M10: 1
A11: =+IF(COUNTIF($C$1:C10,C11)>0,RANK(C11,$C$2:$C$45,0)+COUNTIF($C$1:C10,C11),RANK(C11,$C$2:$C$45,0)) -> 34 | B11: attraction availability | C11: =+SUM(D11:M11) -> 1 | D11: 0 | E11: 0 | F11: 0 | G11: 0 | H11: 1 | I11: 0 | J11: 0 | K11: 0 | L11: 0 | M11: 0
A12: =+IF(COUNTIF($C$1:C11,C12)>0,RANK(C12,$C$2:$C$45,0)+COUNTIF($C$1:C11,C12),RANK(C12,$C$2:$C$45,0)) -> 35 | B12: availability of city tours | C12: =+SUM(D12:M12) -> 1 | D12: 0 | E12: 0 | F12: 0 | G12: 0 | H12: 0 | I12: 0 | J12: 0 | K12: 0 | L12: 1 | M12: 0
A13: =+IF(COUNTIF($C$1:C12,C13)>0,RANK(C13,$C$2:$C$45,0)+COUNTIF($C$1:C12,C13),RANK(C13,$C$2:$C$45,0)) -> 12 | B13: availability of transport to destination | C13: =+SUM(D13:M13) -> 5 | D13: 0 | E13: 0 | F13: 0 | G13: 0 | H13: 1 | I13: 1 | J13: 1 | K13: 0 | L13: 1 | M13: 1
... A45: =+IF(COUNTIF($C$1:C44,C45)>0,RANK(C45,$C$2:$C$45,0)+COUNTIF($C$1:C44,C45),RANK(C45,$C$2:$C$45,0)) -> 32 | B45: variety of hours for transportation | C45: =+SUM(D45:M45) -> 2 | D45: 0 | E45: 0 | F45: 0 | G45: 0 | H45: 0 | I45: 0 | J45: 0 | K45: 0 | L45: 1 | M45: 1
