Workbook

Sheet global
A1: Year | B1: Arrivals (in millions) | C1: Receipts (USD billion)
A2: 2016 | B2: 1246 | C2: 1245
A3: =+A2+1 -> 2017 | B3: 1338 | C3: 1346
A4: =+A3+1 -> 2018 | B4: 1415 | C4: 1457
A5: =+A4+1 -> 2019 | B5: 1466 | C5: 1487
A6: =+A5+1 -> 2020 | B6: 407.9 | C6: 557.9
A7: =+A6+1 -> 2021 | B7: 461.4 | C7: 655.4
A8: =+A7+1 -> 2022 | B8: 975.6 | C8: 1142
A9: =+A8+1 -> 2023 | B9: 1306 | C9: 1536
A10: =+A9+1 -> 2024 | B10: 1465 | C10: 1731

Sheet region
A1: Region | B1: Arrivals | C1: Receipts
A2: World | B2: =+'AUX region'!D3/'AUX region'!B3 -> 0.99931787 | C2: =+'AUX region'!E3/'AUX region'!C3 -> 1.1640888
A3: Middle East | B3: =+'AUX region'!D4/'AUX region'!B4 -> 1.4134078 | C3: =+'AUX region'!E4/'AUX region'!C4 -> 1.6345515
A4: Africa | B4: =+'AUX region'!D5/'AUX region'!B5 -> 1.0741279 | C4: =+'AUX region'!E5/'AUX region'!C5 -> 1.078481
A5: Europe | B5: =+'AUX region'!D6/'AUX region'!B6 -> 1.0158623 | C5: =+'AUX region'!E6/'AUX region'!C6 -> 1.2389819
A6: Americas | B6: =+'AUX region'!D7/'AUX region'!B7 -> 0.9876881 | C6: =+'AUX region'!E7/'AUX region'!C7 -> 1.1870091
A7: Asia & Pacific | B7: =+'AUX region'!D8/'AUX region'!B8 -> 0.87682961 | C7: =+'AUX region'!E8/'AUX region'!C8 -> 0.95852221

Sheet region_absolut
A1: Region | B1: Arrivals (in millions) | C1: Receipts (in billions) | D1: Avg. Per Tourist
A2: World | B2: 1465 | C2: 1731 | D2: =+(C2/B2)*1000 -> 1181.57
A3: Middle East | B3: 101.2 | C3: 147.6 | D3: =+(C3/B3)*1000 -> 1458.498
A4: Africa | B4: 73.9 | C4: 42.6 | D4: =+(C4/B4)*1000 -> 576.45467
A5: Europe | B5: 755.7 | C5: 725.3 | D5: =+(C5/B5)*1000 -> 959.7724
A6: Americas | B6: 216.6 | C6: 392.9 | D6: =+(C6/B6)*1000 -> 1813.9428
A7: Asia & Pacific | B7: 317.5 | C7: 422.9 | D7: =+(C7/B7)*1000 -> 1331.9685

Sheet AUX region
B1: 2019 | C1: 2019 | D1: 2024 | E1: 2024
A2: Region | B2: Arrivals | C2: Receipts | D2: Arrivals | E2: Receipts
A3: World | B3: 1466 | C3: 1487 | D3: 1465 | E3: 1731
A4: Middle East | B4: 71.6 | C4: 90.3 | D4: 101.2 | E4: 147.6
A5: Africa | B5: 68.8 | C5: 39.5 | D5: 73.9 | E5: 42.6
A6: Europe | B6: 743.9 | C6: 585.4 | D6: 755.7 | E6: 725.3
A7: Americas | B7: 219.3 | C7: 331 | D7: 216.6 | E7: 392.9
A8: Asia & Pacific | B8: 362.1 | C8: 441.2 | D8: 317.5 | E8: 422.9

Sheet countries
A1: Country | B1: 2019 | C1: 2024 | D1: 2019 (position) | E1: 2024 (position) | F1: Movement
A2: France | B2: 90.9 | C2: 102 | D2: =+RANK(B2,$B$2:$B$11) -> 1 | E2: =+RANK(C2,$C$2:$C$11) -> 1 | F2: =+D2-E2 -> 0
A3: Spain | B3: 83.5 | C3: 93.8 | D3: =+RANK(B3,$B$2:$B$11) -> 2 | E3: =+RANK(C3,$C$2:$C$11) -> 2 | F3: =+D3-E3 -> 0
A4: United States | B4: 79.4 | C4: 72.4 | D4: =+RANK(B4,$B$2:$B$11) -> 3 | E4: =+RANK(C4,$C$2:$C$11) -> 3 | F4: =+D4-E4 -> 0
A5: China | B5: 65.7 | C5: 32 | D5: =+RANK(B5,$B$2:$B$11) -> 4 | E5: =+RANK(C5,$C$2:$C$11) -> 10 | F5: =+D5-E5 -> -6
A6: Italy | B6: 64.5 | C6: 57.8 | D6: =+RANK(B6,$B$2:$B$11) -> 5 | E6: =+RANK(C6,$C$2:$C$11) -> 5 | F6: =+D6-E6 -> 0
A7: Türkiye | B7: 51.2 | C7: 60.6 | D7: =+RANK(B7,$B$2:$B$11) -> 6 | E7: =+RANK(C7,$C$2:$C$11) -> 4 | F7: =+D7-E7 -> 2
A8: Mexico | B8: 45 | C8: 45 | D8: =+RANK(B8,$B$2:$B$11) -> 7 | E8: =+RANK(C8,$C$2:$C$11) -> 6 | F8: =+D8-E8 -> 1
A9: Thailand | B9: 39.9 | C9: 35.5 | D9: =+RANK(B9,$B$2:$B$11) -> 8 | E9: =+RANK(C9,$C$2:$C$11) -> 9 | F9: =+D9-E9 -> -1
A10: Germany | B10: 39.6 | C10: 37.5 | D10: =+RANK(B10,$B$2:$B$11) -> 9 | E10: =+RANK(C10,$C$2:$C$11) -> 8 | F10: =+D10-E10 -> 1
A11: UK | B11: 39.4 | C11: 41.2 | D11: =+RANK(B11,$B$2:$B$11) -> 10 | E11: =+RANK(C11,$C$2:$C$11) -> 7 | F11: =+D11-E11 -> 3
